INSERT INTO int4ranges (i4r) VALUES
    ('[0, 1]'),
    ('[-6, -2]'),
    ('[-10, 8]'),
    ('[1, 1]'),
    ('[0, 2)'),
    ('(0, 1)')
;

INSERT INTO int8ranges (i8r) VALUES
    ('[0, 1]'),
    ('[-6, -2]'),
    ('[-10, 8]'),
    ('[1, 1]'),
    ('[0, 2)'),
    ('(0, 1)')
;

INSERT INTO numranges (nr) VALUES
    ('[0, 1]'),
    ('[-6.5, -2.3]'),
    ('[-10.1, 8.9]'),
    ('[1.2, 1.2]'),
    ('[0, 2.4)'),
    ('(0, 0)')
;

INSERT INTO tsranges (tr) VALUES
    ('[2024-01-01 09:00:00, 2024-01-01 09:00:01]'),
    ('[2024-01-01 09:00:00, 2024-01-01 09:01:00]'),
    ('[2024-01-01 09:00:00, 2024-01-01 10:00:00]'),
    ('[2024-01-01 09:00:00, 2024-01-02 09:00:00]'),
    ('[2024-01-01 09:00:00, 2024-10-01 09:00:00]'),
    ('[2024-01-01 09:00:00, 2025-01-01 09:00:00]'),
    ('[2024-01-01 12:00:00, 2024-01-02 20:00:00]'),
    ('(2024-01-01 09:00:00, 2024-01-01 09:00:00)')
;

INSERT INTO tstzranges (tzr) VALUES
    ('[2024-01-01 09:00:00+03, 2024-01-01 09:00:01+03]'),
    ('[2024-01-01 09:00:00+03, 2024-01-01 09:01:00+03]'),
    ('[2024-01-01 09:00:00+03, 2024-01-01 10:00:00+03]'),
    ('[2024-01-01 09:00:00+03, 2024-01-02 09:00:00+03]'),
    ('[2024-01-01 09:00:00+03, 2024-10-01 09:00:00+03]'),
    ('[2024-01-01 09:00:00+03, 2025-01-01 09:00:00+03]'),
    ('[2024-01-01 12:00:00+03, 2024-01-02 20:00:00+03]')
;

INSERT INTO dateranges (dr) VALUES
    ('[2024-01-01 09:00:00+03, 2024-01-01 09:00:01+03]'),
    ('[2024-01-01 09:00:00+03, 2024-01-01 09:01:00+03]'),
    ('[2024-01-01 09:00:00+03, 2024-01-01 10:00:00+03]'),
    ('[2024-01-01 09:00:00+03, 2024-01-02 09:00:00+03]'),
    ('[2024-01-01 09:00:00+03, 2024-10-01 09:00:00+03]'),
    ('[2024-01-01 09:00:00+03, 2025-01-01 09:00:00+03]'),
    ('[2024-01-01 12:00:00+03, 2024-01-02 20:00:00+03]')
;


INSERT INTO int4multiranges (i4mr) VALUES
    ('{[-6, -2], [0, 1], [6, 10]}'),
    ('{(-10, 2], (4, 11]}'),
    ('{(-1, 0), [10, 13]}'),
    ('{}')
;

INSERT INTO tsmultiranges (tmr) VALUES
    ('{[2024-01-01 09:00, 2024-01-01 18:00]}'),
    ('{[2024-01-01 09:13, 2024-01-01 18:26], [2024-01-02 09:57, 2024-01-02 21:07]}'),
    ('{[2024-01-01 21:00, 2024-01-02 07:00]}')
;

INSERT INTO employee_test (name, worktime) VALUES
    ('employee1', tsmultirange('{[2024-01-01 09:00, 2024-01-01 18:00]}')),
    ('employee2', tsmultirange('{[2024-01-01 09:13, 2024-01-01 18:26], [2024-01-02 09:57, 2024-01-02 21:07]}')),
    ('employee3', tsmultirange('{[2024-01-01 21:00, 2024-01-02 07:00]}'))
;
